[
    {},
    {},
    {},
    {},
    {},
    {},
    {},
    {},
    {},
    {},
    {},
    {},
    {},
    {},
    {},
    {},
    {},
    {},
    {},
    {
        "NIF": "B86821600",
        "Código de identificación": "SD-B86821600",
        "Dirección": "Avenida Gran Vía de Hortaleza 1, 28033 Madrid (Madrid, España)",
        "Teléfono": "650 621 117",
        "Email": "cae@acciona.com"
    },
    {
        "NIF": "B47668447",
        "Código de identificación": "SD-B47668447",
        "Dirección": "Calle Santiago López González, 9, 47197, Valladolid (Valladolid, España)",
        "Teléfono": "983 249 108",
        "Email": "notificaciones@syltec.com"
    },
    {
        "NIF": "A59846303",
        "Código de identificación": "SD-A59846303",
        "Dirección": "Calle Monasterios de Suso y Yuso 34, 28049 Madrid (Madrid, España)",
        "Teléfono": "917 911 000",
        "Email": "eficiencia.es-hsg@apleona.com"
    },
    {
        "NIF": "A58425448",
        "Código de identificación": "SD-A58425448",
        "Dirección": "Carrer de la Soledat 6, 08500 Vic (Barcelona, España)",
        "Teléfono": "938 852 052",
        "Email": "cae@ateinsa.com"
    },
    {
        "NIF": "B66113457",
        "Código de identificación": "SD-B66113457",
        "Dirección": "Calle Coso 31 - 7ª, 50003 Zaragoza (Zaragoza, España)",
        "Teléfono": "N/A",
        "Email": "CAES@socotec.com"
    },
    {
        "NIF": "B57732539",
        "Código de identificación": "SD-B57732539",
        "Dirección": "Calle Vía Roma 5 - Principal 2ª, 07012 Palma de Mallorca (Mallorca, España)",
        "Teléfono": "971 495 508",
        "Email": "info@balantia.com"
    },
    {
        "NIF": "B93149870",
        "Código de identificación": "SD-B93149870",
        "Dirección": "Avenida Juan López Peñalver 17 - 3º Ala B (Málaga TechPark), 29590 Málaga (Málaga, España)",
        "Teléfono": "952 025 789",
        "Email": "cae@bettergy.es"
    },
    {
        "NIF": "B74156910",
        "Código de identificación": "SD-B74156910",
        "Dirección": "Camí de Can Ametller 34, 08195 Sant Cugat del Vallès (Barcelona, España)",
        "Teléfono": "932 535 300",
        "Email": "certificadosahorroenergetico@bureauveritas.com"
    },
    {
        "NIF": "A87045498",
        "Código de identificación": "SD-A87045498",
        "Dirección": "Avenida Quintanavides 19 - Edificio 4 1ª planta, 28050 Madrid (Madrid, España)",
        "Teléfono": "917 459 009",
        "Email": "info@clecefs.com"
    },
    {
        "NIF": "A28368132",
        "Código de identificación": "SD-A28368132",
        "Dirección": "Calle Ribera del Loira 28, 28042 Madrid (Madrid, España)",
        "Teléfono": "919 023 033",
        "Email": "direccion.comercial@engie.com"
    },
    {
        "NIF": "B06583751",
        "Código de identificación": "SD-B06583751",
        "Dirección": "Paseo Fluvial 15 - planta 13, 06011 Badajoz (Badajoz, España)",
        "Teléfono": "924 272 133 - ext. 6",
        "Email": "CAE@mc2energia.es"
    },
    {
        "NIF": "B84433424",
        "Código de identificación": "SD-B84433424",
        "Dirección": "Calle Salcedo 11 - planta 3, 28034 Madrid (Madrid, España)",
        "Teléfono": "910 611 587",
        "Email": "info@creara.es"
    },
    {
        "NIF": "B56305618",
        "Código de identificación": "SD-B56305618",
        "Dirección": "Paseo de la Habana 9-11 (Edificio UTOPICUS), 28036 Madrid (Madrid, España)",
        "Teléfono": "679 896 439",
        "Email": "atcliente@delcae.com"
    },
    {
        "NIF": "B76687755",
        "Código de identificación": "SD-B76687755",
        "Dirección": "Calle Álvaro Rodríguez López 1, 38003 Santa Cruz de Tenerife (Tenerife, España)",
        "Teléfono": "922 238 700",
        "Email": "serviciosenergeticos@disagrupo.es"
    },
    {
        "NIF": "B33798455",
        "Código de identificación": "SD-B33798455",
        "Dirección": "Calle Velázquez 50 - 2ª Planta, 28001 Madrid (Madrid, España)",
        "Teléfono": "911 250 829"
    },
    {
        "NIF": "A67421230",
        "Código de identificación": "SD-A67421230",
        "Dirección": "Avenida de Manoteras 46 - 1ºA, 28050 Madrid (Madrid, España)",
        "Teléfono": "627 306 973",
        "Email": "cae@effic.es"
    },
    {
        "NIF": "A79486833",
        "Código de identificación": "SD-A79486833",
        "Dirección": "Calle Maestro Alonso 21-23, 28028 Madrid (Madrid, España)",
        "Teléfono": "607 522 865",
        "Email": "cae@elecnor.com"
    },
    {
        "NIF": "B01788041",
        "Código de identificación": "SD-B01788041",
        "Dirección": "Calle Ribera del Loira 60, 28042 Madrid (Madrid, España)"
    },
    {
        "NIF": "A87211827",
        "Código de identificación": "SD-A87211827",
        "Dirección": "Calle Ribera del Loira 28, 28042 Madrid (Madrid, España)",
        "Teléfono": "919 023 033",
        "Email": "direccion.comercial@engie.com"
    },
    {
        "NIF": "B67855940",
        "Código de identificación": "SD-B67855940",
        "Dirección": "Calle Colón de Larreátegui 26, 48009 Bilbao (Bizkaia, España)",
        "Teléfono": "944 240 563",
        "Email": "info@globalfactor.com"
    },
    {
        "NIF": "B63724231",
        "Código de identificación": "SD-B63724231",
        "Dirección": "Calle Aragón 208 - 3º2, 08011 Barcelona (Barcelona, España)",
        "Teléfono": "932 181 183",
        "Email": "cae@greenflex.com"
    },
    {
        "NIF": "B80183429",
        "Código de identificación": "SD-B80183429",
        "Dirección": "Avenida Sistema Solar 26 - Nave 4, 28830 Madrid (Madrid, España)",
        "Teléfono": "916 600 980",
        "Email": "cae@inmarepro.com"
    },
    {
        "NIF": "B73704405",
        "Código de identificación": "SD-B73704405",
        "Dirección": "Calle José Manuel Sánchez Pedreño 1 - Planta 7, 30009 Murcia (Murcia, España)",
        "Teléfono": "868 074 404",
        "Email": "cae@konery.com"
    },
    {
        "NIF": "B19522028",
        "Código de identificación": "SD-B19522028",
        "Dirección": "Calle Venezuela 32, 18007 Granada (Granada, España)",
        "Teléfono": "958 120 481",
        "Email": "info@letterInstalaciones.es"
    },
    {
        "NIF": "B66286188",
        "Código de identificación": "SD-B66286188",
        "Dirección": "Plaza Xavier Cugat 2 - Parque empresarial Sant Cugat Nord, edificio D (4ª planta), 08174 Sant Cugat del Vallès (Barcelona, España)",
        "Teléfono": "937 077 858",
        "Email": "caes@leyton.com"
    },
    {
        "NIF": "B11036787",
        "Código de identificación": "SD-B11036787",
        "Dirección": "Carretera de Fuente Amarga s/n, 11130 Chiclana de la Frontera (Cádiz, España)",
        "Teléfono": "956 401 892",
        "Email": "info@moneleg.es"
    },
    {
        "NIF": "B73492423",
        "Código de identificación": "SD-B73492423",
        "Dirección": "Calle Molina de Segura 8, 30007 Murcia (Murcia, España)",
        "Teléfono": "N/A",
        "Email": "N/A"
    },
    {
        "NIF": "A28896330",
        "Código de identificación": "SD-A28896330",
        "Dirección": "Calle Gamonal 25, 28031 Madrid (Madrid, España)",
        "Teléfono": "913 964 408",
        "Email": "cae@remica.es"
    },
    {
        "NIF": "A83709873",
        "Código de identificación": "SD-A83709873",
        "Dirección": "Avenida Partenón 16-18, 28042 Madrid (Madrid, España)",
        "Teléfono": "915 455 000",
        "Email": "comunica.facilities@sacyr.com"
    },
    {
        "NIF": "B39709969",
        "Código de identificación": "SD-B39709969",
        "Dirección": "Calle Isabel Torres, 13, Edificio XTela 2ª planta, 39011 Santander (Cantabria, España)",
        "Teléfono": "942 30 50 98",
        "Email": "cae@sawatco.com"
    },
    {
        "NIF": "A80241789",
        "Código de identificación": "SD-A80241789",
        "Dirección": "Calle Quintanavides 21, 28050 Madrid (Madrid, España)",
        "Teléfono": "913 388 300",
        "Email": "contratacion.fse@serveo.com"
    },
    {
        "NIF": "B84957976",
        "Código de identificación": "SD-B84957976",
        "Dirección": "Calle Arte 21 - 1ºD, 28033 Madrid (Madrid, España)",
        "Teléfono": "913 456 073",
        "Email": "caes@sinceo2.com"
    },
    {
        "NIF": "B39640263",
        "Código de identificación": "SD-B39640263",
        "Dirección": "Calle José Abascal 44 - 4º, 28003 Madrid (Madrid, España)",
        "Teléfono": "942 313 292",
        "Email": "administracion@grupositelec.es"
    },
    {
        "NIF": "B95778486",
        "Código de identificación": "SD-B95778486",
        "Dirección": "Calle Morse 22 (Polígono Industrial San Marcos), 28906 Getafe (Madrid, España)",
        "Teléfono": "944 317 777",
        "Email": "stratenergy@stratenergy.es"
    },
    {
        "NIF": "B10663946",
        "Código de identificación": "SD-B10663946",
        "Dirección": "Calle Orense 34 - Planta 7, 28020 Madrid (Madrid, España)",
        "Teléfono": "686 571 227",
        "Email": "cae@stxgroup.com"
    },
    {
        "NIF": "B95542858",
        "Código de identificación": "SD-B95542858",
        "Dirección": "PAE Asuaran - Edificio Artxanda 5, 48950 Erandio (Bizkaia, España)",
        "Teléfono": "944 538 360",
        "Email": "cae@grupo-tecman.com"
    },
    {
        "NIF": "F48128730",
        "Código de identificación": "SD-F48128730",
        "Dirección": "Parque Tecnológico Ibaizabal Bidea, 101 C 48170 Zamudio (Bizkaia, España)",
        "Teléfono": "944 522 313",
        "Email": "info@ondoan.com"
    },
    {
        "NIF": "A33483017",
        "Código de identificación": "SD-A33483017",
        "Dirección": "Polígono de Llames - Nave 9, 33429 Viella-Siero (Asturias, España)",
        "Teléfono": "985 670 251",
        "Email": "info@urianet.com"
    },
    {
        "NIF": "A15208408",
        "Código de identificación": "SD-A15208408",
        "Dirección": "Polígono de Bergondo E1 - Nave 2, 15166 Bergondo (A Coruña, España)",
        "Teléfono": "N/A",
        "Email": "N/A"
    },
    {
        "NIF": "A28233922",
        "Código de identificación": "SD-A28233922",
        "Dirección": "Calle Torrelaguna 60, 28043 Madrid (Madrid, España)",
        "Teléfono": "915 153 600",
        "Email": "info.cae@veolia.com"
    },
    {
        "NIF": "B18943845",
        "Código de identificación": "SD-B18943845",
        "Dirección": "Calle Torre de Comarex 1 bis, 18007 Granada (Granada, España)",
        "Teléfono": "958 217 090",
        "Email": "cae@vivendio.aconser.com"
    }
]